{
  "posts": [
    {
      "id": "1",
      "title": "a title",
      "views": 100
    },
    {
      "id": "2",
      "title": "another title",
      "views": 200
    },
    {
      "id": "3",
      "title": "React",
      "views": 200
    },
    {
      "id": "4",
      "title": "python",
      "views": 300
    },
    {
      "id": "5",
      "title": "javascript",
      "views": 400
    }
  ],
  "comments": [
    {
      "id": "1",
      "text": "a comment about post 1",
      "postId": "1"
    },
    {
      "id": "2",
      "text": "another comment about post 1",
      "postId": "1"
    }
  ],
  "profile": {
    "name": "typicode"
  }
}